id,nom,prenom,categorie,date_naissance,date_deces,nationalite,a_verifier
1,Boudard,Alphonse,Écrivain/Écrivaine,1925-12-17,2000-01-14,,"Categorie deduite des connaissances generales (absente de la biographie du site) - a confirmer ; nationalite non detectee automatiquement"
2,Autant-Lara,Claude,Réalisateur/Réalisatrice,1901-08-05,2000-02-05,Français,
3,Gisèle,,Autre,1908-12-19,2000-03-30,,"Categorie non detectee automatiquement dans la biographie - a verifier manuellement ; nationalite non detectee automatiquement"
4,Rampal,Jean-Pierre,Musicien/Musicienne,1922-01-07,2000-05-20,,"Categorie deduite des connaissances generales (absente de la biographie du site) - a confirmer ; nationalite non detectee automatiquement"
5,Coutteure,Ronny,Autre,1951-07-02,2000-06-21,,"Categorie non detectee automatiquement dans la biographie - a verifier manuellement ; nationalite non detectee automatiquement"
6,Montero,Germaine,Acteur/Actrice,1909-10-22,2000-06-29,,"Categorie deduite des connaissances generales (absente de la biographie du site) - a confirmer ; nationalite non detectee automatiquement"
7,Matthau,Walter,Acteur/Actrice,1920-10-01,2000-07-01,,"Categorie deduite des connaissances generales (absente de la biographie du site) - a confirmer ; nationalite non detectee automatiquement"
8,Sautet,Claude,Réalisateur/Réalisatrice,1924-02-23,2000-07-22,,"Categorie deduite des connaissances generales (absente de la biographie du site) - a confirmer ; nationalite non detectee automatiquement"
9,Derlich,Didier,Musicien/Musicienne,1965-04-22,2000-08-04,,"Categorie deduite des connaissances generales (absente de la biographie du site) - a confirmer ; nationalite non detectee automatiquement"
10,Lebovici,Serge,Médecin,1915-06-10,2000-08-11,,"Categorie deduite des connaissances generales (absente de la biographie du site) - a confirmer ; nationalite non detectee automatiquement"
11,Carzou,Jean,Peintre/Sculpteur,1907-01-01,2000-08-12,,"Categorie deduite des connaissances generales (absente de la biographie du site) - a confirmer ; nationalite non detectee automatiquement"
12,Mestral,Armand,Acteur/Actrice,1917-11-25,2000-09-17,,"Categorie deduite des connaissances generales (absente de la biographie du site) - a confirmer ; nationalite non detectee automatiquement"
13,Kaya,Ahmet,Chanteur/Chanteuse,1957-10-28,2000-11-16,Turque,
14,Goddet,Jacques,Cycliste,1905-06-21,2000-12-15,,Nationalite non detectee automatiquement - a completer
15,Gordon,Leo,Acteur/Actrice,1922-12-02,2000-12-26,,"Categorie deduite des connaissances generales (absente de la biographie du site) - a confirmer ; nationalite non detectee automatiquement"
16,Tréjan,Guy,Chanteur/Chanteuse,1921-09-18,2001-01-25,Français,
17,Davy,Jean,Acteur/Actrice,1911-10-15,2001-02-05,,"Categorie deduite des connaissances generales (absente de la biographie du site) - a confirmer ; nationalite non detectee automatiquement"
18,Enrico,Gino Robert,Réalisateur/Réalisatrice,1931-04-13,2001-02-23,,"Categorie deduite des connaissances generales (absente de la biographie du site) - a confirmer ; nationalite non detectee automatiquement"
19,Lindon,Jérôme,Editeur,1925-06-09,2001-04-09,,"Categorie deduite des connaissances generales (absente de la biographie du site) - a confirmer ; nationalite non detectee automatiquement"
20,Fredericks,Carole Denise,Chanteur/Chanteuse,1952-06-05,2001-06-07,Américaine,
21,Aleka,Henri,Autre,1909-02-10,2001-06-15,,"Categorie non detectee automatiquement dans la biographie - a verifier manuellement ; nationalite non detectee automatiquement"
22,Greer,Jane,Acteur/Actrice,1924-09-09,2001-08-24,,"Categorie deduite des connaissances generales (absente de la biographie du site) - a confirmer ; nationalite non detectee automatiquement"
23,Léotard,Philippe,Acteur/Actrice,1940-08-28,2001-08-25,,"Categorie deduite des connaissances generales (absente de la biographie du site) - a confirmer ; nationalite non detectee automatiquement"
24,Aaliyah,,Chanteur/Chanteuse,1979-01-16,2001-08-25,,Nationalite non detectee automatiquement - a completer
25,Chiappe,Jean-François,Acteur/Actrice,1931-11-30,2001-10-21,Français,
26,Cavagnoud,Régine,Alpiniste/Skieur,1970-06-27,2001-10-31,Français,
27,Bécaud,Gilbert,Chanteur/Chanteuse,1927-10-24,2001-12-18,,"Categorie deduite des connaissances generales (absente de la biographie du site) - a confirmer ; nationalite non detectee automatiquement"
28,Verneuil,Henri,Réalisateur/Réalisatrice,1920-10-15,2002-01-11,Français,
29,Lee,Peggy,Chanteur/Chanteuse,1920-05-26,2002-01-21,Américaine,
30,Bourdieu,Pierre,Sociologue/Philosophe,1930-08-01,2002-01-23,,"Categorie deduite des connaissances generales (absente de la biographie du site) - a confirmer ; nationalite non detectee automatiquement"
31,Vedel,Georges,Acteur/Actrice,1910-07-05,2002-02-21,Français,
32,Wilder,Billy,Réalisateur/Réalisatrice,1906-06-22,2002-03-27,,"Categorie deduite des connaissances generales (absente de la biographie du site) - a confirmer ; nationalite non detectee automatiquement"
33,Lemarque,Francis,Chanteur/Chanteuse,1917-11-25,2002-04-20,,"Categorie deduite des connaissances generales (absente de la biographie du site) - a confirmer ; nationalite non detectee automatiquement"
34,Robert,Yves,Réalisateur/Réalisatrice,1920-06-19,2002-05-10,,"Categorie deduite des connaissances generales (absente de la biographie du site) - a confirmer ; nationalite non detectee automatiquement"
35,Malclès,Jean-Denis,Decorateur (theatre/cinema),1912-01-15,2002-05-30,,"Categorie deduite des connaissances generales (absente de la biographie du site) - a confirmer ; nationalite non detectee automatiquement"
36,Périer,François,Acteur/Actrice,1919-11-10,2002-06-28,,"Categorie deduite des connaissances generales (absente de la biographie du site) - a confirmer ; nationalite non detectee automatiquement"
37,Brown,Ray,Musicien/Musicienne,1926-10-13,2002-07-02,,"Categorie deduite des connaissances generales (absente de la biographie du site) - a confirmer ; nationalite non detectee automatiquement"
38,Daniel-Lesur,,Musicien/Musicienne,1908-11-19,2002-07-02,,"Categorie deduite des connaissances generales (absente de la biographie du site) - a confirmer ; nationalite non detectee automatiquement"
39,Cassan,Lionel,Autre,1956-06-17,2002-08-18,,"Categorie non detectee automatiquement dans la biographie - a verifier manuellement ; nationalite non detectee automatiquement"
40,Dupuis,Charles,Editeur (BD),1918-06-10,2002-11-14,,"Categorie deduite des connaissances generales (absente de la biographie du site) - a confirmer ; nationalite non detectee automatiquement"
41,Coburn,James,Réalisateur/Réalisatrice,1928-08-31,2002-11-18,Américain,
42,Gélin,Daniel,Réalisateur/Réalisatrice,1921-05-19,2002-11-29,Française,
43,Marnay,Eddy,Parolier (chanson),1920-12-18,2003-01-03,,"Categorie deduite des connaissances generales (absente de la biographie du site) - a confirmer ; nationalite non detectee automatiquement"
44,Pialat,Maurice,Réalisateur/Réalisatrice,1925-08-31,2003-01-11,Français,
45,Lefel,Edith,Chanteur/Chanteuse,1963-11-17,2003-01-20,,Nationalite non detectee automatiquement - a completer
46,Krasucki,Henri,Militaire,1924-09-02,2003-01-24,Allemande,
47,Pécas,Max,Réalisateur/Réalisatrice,1925-04-25,2003-02-10,Français,
48,plantier,Daniel Toscan du,Réalisateur/Réalisatrice,1941-04-07,2003-02-11,Français,
49,Rheims,Maurice,Écrivain/Écrivaine,1910-01-04,2003-03-06,,"Categorie deduite des connaissances generales (absente de la biographie du site) - a confirmer ; nationalite non detectee automatiquement"
50,Bourin,Jeanne,Réalisateur/Réalisatrice,1922-01-13,2003-03-19,Française,
51,Yanne,Jean,Acteur/Actrice,1933-07-18,2003-05-23,,"Categorie deduite des connaissances generales (absente de la biographie du site) - a confirmer ; nationalite non detectee automatiquement"
52,hepburn,Katharine Houghton,Acteur/Actrice,1907-05-12,2003-06-29,,"Categorie deduite des connaissances generales (absente de la biographie du site) - a confirmer ; nationalite non detectee automatiquement"
53,Plante,Jacques,Journaliste,,2003-07-16,,"Categorie deduite des connaissances generales (absente de la biographie du site) - a confirmer ; nationalite non detectee automatiquement ; date de naissance inconnue sur la source"
54,Trintignant,Marie,Chanteur/Chanteuse,1962-01-21,2003-08-01,Française,
55,Cash,Johnny,Chanteur/Chanteuse,1932-02-26,2003-09-12,,"Categorie deduite des connaissances generales (absente de la biographie du site) - a confirmer ; nationalite non detectee automatiquement"
56,Palmer,Robert,Chanteur/Chanteuse,1949-01-19,2003-09-26,Suisse,
57,Schwartzenberg,Léon,Médecin,1923-12-02,2003-10-14,,"Categorie deduite des connaissances generales (absente de la biographie du site) - a confirmer ; nationalite non detectee automatiquement"
58,Nicot,Claude,Acteur/Actrice,1925-02-12,2003-11-17,Français,
59,Daumier,Sophie,Chanteur/Chanteuse,1934-11-24,2004-01-01,Française,
60,Cartwright,Lynn,Acteur/Actrice,1927-02-27,2004-01-02,,"Categorie deduite des connaissances generales (absente de la biographie du site) - a confirmer ; nationalite non detectee automatiquement"
61,Holgado,Ticky,Militaire,1944-06-24,2004-01-22,Française,
62,Darrieu,Gérard,Acteur/Actrice,1925-09-11,2004-01-22,,"Categorie deduite des connaissances generales (absente de la biographie du site) - a confirmer ; nationalite non detectee automatiquement"
63,Métayer,Alex,Chanteur/Chanteuse,1930-03-19,2004-02-21,Français,
64,Tcherina,Ludmila,Danseur/Danseuse,1924-10-10,2004-03-21,Russe,
65,Roda-Gil,Etienne,Parolier (chanson),1941-08-01,2004-05-28,,"Categorie deduite des connaissances generales (absente de la biographie du site) - a confirmer ; nationalite non detectee automatiquement"
66,Saint-cyr,Renée,Acteur/Actrice,1904-11-16,2004-07-11,,"Categorie deduite des connaissances generales (absente de la biographie du site) - a confirmer ; nationalite non detectee automatiquement"
67,Reggiani,Serge,Chanteur/Chanteuse,1922-05-02,2004-07-23,Français,
68,Wray,Vina fay,Acteur/Actrice,1907-09-15,2004-08-08,,"Categorie deduite des connaissances generales (absente de la biographie du site) - a confirmer ; nationalite non detectee automatiquement"
69,Bellil,Samira,Écrivain/Écrivaine,1972-11-24,2004-09-04,,"Categorie deduite des connaissances generales (absente de la biographie du site) - a confirmer ; nationalite non detectee automatiquement"
70,Bluebell,Miss,Danseur/Danseuse,1910-06-24,2004-09-11,,"Categorie deduite des connaissances generales (absente de la biographie du site) - a confirmer ; nationalite non detectee automatiquement"
71,Ramone,Johnny,Musicien/Musicienne,1948-10-08,2004-09-15,,"Categorie deduite des connaissances generales (absente de la biographie du site) - a confirmer ; nationalite non detectee automatiquement"
72,Gassler,Géraldine,Acteur/Actrice,1968-05-17,2004-11-01,,Nationalite non detectee automatiquement - a completer
73,Dynam,Jacques,Réalisateur/Réalisatrice,1923-12-30,2004-11-11,Français,
74,Broca,Philippe de,Réalisateur/Réalisatrice,1933-03-15,2004-11-26,Français,
75,Verny,Françoise,Militaire,1928-11-26,2004-12-14,Française,
76,Sontag,Susan,Écrivain/Écrivaine,1933-01-16,2004-12-28,,"Categorie deduite des connaissances generales (absente de la biographie du site) - a confirmer ; nationalite non detectee automatiquement"
77,Orbach,Jerry,Chanteur/Chanteuse,1935-10-20,2004-12-28,Américain,
78,Daninos,Pierre,Humoriste,1913-05-26,2005-01-07,,Nationalite non detectee automatiquement - a completer
79,Joubert,Jacqueline,Réalisateur/Réalisatrice,1921-03-29,2005-01-08,Française,
80,Choron,Professeur,Acteur/Actrice,1929-09-21,2005-01-10,,Nationalite non detectee automatiquement - a completer
81,Villeret,Jacques,Réalisateur/Réalisatrice,1951-02-06,2005-01-28,Français,
82,Bachelet,Pierre,Chanteur/Chanteuse,1944-05-25,2005-02-15,Française,
83,Balsan,Humbert,Producteur/Productrice,1954-08-21,2005-02-17,,"Categorie deduite des connaissances generales (absente de la biographie du site) - a confirmer ; nationalite non detectee automatiquement"
84,II,Jean-Paul,Religieux,1920-05-18,2005-04-02,Français,
85,Barclay,Eddie,Producteur/Productrice,1921-01-21,2005-05-13,,"Categorie deduite des connaissances generales (absente de la biographie du site) - a confirmer ; nationalite non detectee automatiquement"
86,Simon,Claude,Écrivain/Écrivaine,1913-10-10,2005-07-06,,"Categorie deduite des connaissances generales (absente de la biographie du site) - a confirmer ; nationalite non detectee automatiquement"
87,Bunker,Edward,Écrivain/Écrivaine,1933-12-31,2005-07-19,,"Categorie deduite des connaissances generales (absente de la biographie du site) - a confirmer ; nationalite non detectee automatiquement"
88,Buffet,Annabel,Chanteur/Chanteuse,1928-05-10,2005-08-03,Américain,
89,Adams,Don,Acteur/Actrice,1923-04-13,2005-09-25,,"Categorie deduite des connaissances generales (absente de la biographie du site) - a confirmer ; nationalite non detectee automatiquement"
90,Folon,Jean-Michel,Peintre/Sculpteur,1934-03-01,2005-10-20,,"Categorie deduite des connaissances generales (absente de la biographie du site) - a confirmer ; nationalite non detectee automatiquement"
91,Arman,,Musicien/Musicienne,1928-11-17,2005-10-22,Français,
92,Parks,Rosa,Militant(e),1913-02-04,2005-10-24,Américain,Categorie deduite des connaissances generales (absente de la biographie du site) - a confirmer
93,Faizant,Jacques,Dessinateur BD,1918-10-30,2006-01-14,Français,Categorie deduite des connaissances generales (absente de la biographie du site) - a confirmer
94,Olive,,Musicien/Musicienne,1955-12-04,2006-01-17,,Nationalite non detectee automatiquement - a completer
95,Ipoustéguy,Jean-Robert,Peintre/Sculpteur,1920-01-06,2006-02-08,,Nationalite non detectee automatiquement - a completer
96,Cowl,Darry,Musicien/Musicienne,1925-08-27,2006-02-14,Français,
97,Mcgavin,Darren,Acteur/Actrice,1922-05-07,2006-02-25,,"Categorie deduite des connaissances generales (absente de la biographie du site) - a confirmer ; nationalite non detectee automatiquement"
98,René,Lasserre,Cuisinier/Cuisiniere,1912-11-12,2006-03-15,,"Categorie deduite des connaissances generales (absente de la biographie du site) - a confirmer ; nationalite non detectee automatiquement"
99,Legras,Jacques,Réalisateur/Réalisatrice,1923-10-25,2006-03-15,Français,
100,Rialet,Daniel,Acteur/Actrice,1960-02-01,2006-04-11,Français,
101,Castelli,Philippe,Acteur/Actrice,1925-06-08,2006-04-16,,"Categorie deduite des connaissances generales (absente de la biographie du site) - a confirmer ; nationalite non detectee automatiquement"
102,Revel,Jean-François,Sociologue/Philosophe,1924-01-19,2006-04-30,,"Categorie deduite des connaissances generales (absente de la biographie du site) - a confirmer ; nationalite non detectee automatiquement"
103,Appel,Karel,Peintre/Sculpteur,1921-04-25,2006-05-03,,"Categorie deduite des connaissances generales (absente de la biographie du site) - a confirmer ; nationalite non detectee automatiquement"
104,Meynier,Max,Animateur/Animatrice TV-Radio,1938-01-30,2006-05-06,Française,
105,Piéplu,Claude Léon Auguste,Acteur/Actrice,1923-05-09,2006-05-24,Français,
106,Devos,Raymond,Musicien/Musicienne,1922-11-09,2006-06-15,Français,
107,Séchan,Olivier,Écrivain/Écrivaine,1911-01-14,2006-07-07,,"Categorie deduite des connaissances generales (absente de la biographie du site) - a confirmer ; nationalite non detectee automatiquement"
108,Oury,Gérard,Musicien/Musicienne,1919-04-29,2006-07-20,Française,
109,Brach,Gérard,Scénariste,1927-07-23,2006-09-09,,"Categorie deduite des connaissances generales (absente de la biographie du site) - a confirmer ; nationalite non detectee automatiquement"
110,Aumont,Tina,Réalisateur/Réalisatrice,1946-02-14,2006-10-28,Américaine,
111,Frank,Bernard,Écrivain/Écrivaine,1929-10-11,2006-11-03,,"Categorie deduite des connaissances generales (absente de la biographie du site) - a confirmer ; nationalite non detectee automatiquement"
112,Girod,Francis,Musicien/Musicienne,1944-10-09,2006-11-19,Français,
113,Noiret,Philippe,Réalisateur/Réalisatrice,1930-10-01,2006-11-23,Français,
114,Brabant,Charles,Réalisateur/Réalisatrice,1920-07-06,2006-11-28,Français,
115,Jade,Claude,Réalisateur/Réalisatrice,1948-10-08,2006-12-01,Française,
116,Brown,James,Chanteur/Chanteuse,1933-05-03,2006-12-25,Américaine,
117,Carrière,Anne-Marie,Chanteur/Chanteuse,1925-01-16,2006-12-29,,Nationalite non detectee automatiquement - a completer
118,Vernant,Jean-Pierre,Historien,1914-01-04,2007-01-09,,"Categorie deduite des connaissances generales (absente de la biographie du site) - a confirmer ; nationalite non detectee automatiquement"
119,Bézu,,Chanteur/Chanteuse,1943-07-24,2007-02-03,Français,
120,Troyat,Henri,Écrivain/Écrivaine,1911-11-01,2007-03-02,Français,
121,Baudrillard,Jean,Sociologue/Philosophe,1929-07-27,2007-03-06,,"Categorie deduite des connaissances generales (absente de la biographie du site) - a confirmer ; nationalite non detectee automatiquement"
122,Aubrac,Lucie,Journaliste,1912-06-29,2007-03-14,Française,
123,Clarins,Jacques Courtin,Entrepreneur/Chef d'entreprise,1921-08-06,2007-03-22,,"Categorie deduite des connaissances generales (absente de la biographie du site) - a confirmer ; nationalite non detectee automatiquement"
124,Rémond,René,Historien,1918-09-30,2007-04-14,,"Categorie deduite des connaissances generales (absente de la biographie du site) - a confirmer ; nationalite non detectee automatiquement"
125,Aminel,Georges,Acteur/Actrice,1922-10-11,2007-04-29,,"Categorie deduite des connaissances generales (absente de la biographie du site) - a confirmer ; nationalite non detectee automatiquement"
126,Lemarchal,Grégory,Chanteur/Chanteuse,1983-05-13,2007-04-30,Français,
127,Gennes,Pierre-Gilles De,Scientifique,1932-10-24,2007-05-18,,"Categorie deduite des connaissances generales (absente de la biographie du site) - a confirmer ; nationalite non detectee automatiquement"
128,Brialy,Jean-claude,Acteur/Actrice,1933-03-30,2007-05-30,Française,
129,Brosset,Claude,Acteur/Actrice,1943-12-24,2007-06-25,,"Categorie deduite des connaissances generales (absente de la biographie du site) - a confirmer ; nationalite non detectee automatiquement"
130,Serrault,Michel Lucien,Acteur/Actrice,1928-01-24,2007-07-29,Français,
131,Rédélé,Jean,Entrepreneur/Chef d'entreprise,1922-05-17,2007-08-10,,"Categorie deduite des connaissances generales (absente de la biographie du site) - a confirmer ; nationalite non detectee automatiquement"
132,Barre,Raymond,Homme/Femme politique,1924-04-12,2007-08-25,Français,
133,Martin,Jacques,Animateur/Animatrice TV-Radio,1933-06-22,2007-09-14,Français,
134,Marceau,Marcel,Mime,1923-03-22,2007-09-22,,"Categorie deduite des connaissances generales (absente de la biographie du site) - a confirmer ; nationalite non detectee automatiquement"
135,Rollis,Robert,Acteur/Actrice,1921-03-14,2007-11-06,Français,
136,Chichin,Frédéric,Musicien/Musicienne,1954-05-01,2007-11-28,Français,
137,Bhutto,Benazir,Homme/Femme politique,1953-06-21,2007-12-27,,Nationalite non detectee automatiquement - a completer
138,Paris,Alexandre De,Acteur/Actrice,1922-09-06,2008-01-03,Française,
139,Nurmi,Maila,Acteur/Actrice,1922-12-21,2008-01-10,,"Categorie deduite des connaissances generales (absente de la biographie du site) - a confirmer ; nationalite non detectee automatiquement"
140,Feydeau,Alain,Autre,1934-07-21,2008-01-14,,"Categorie non detectee automatiquement dans la biographie - a verifier manuellement ; nationalite non detectee automatiquement"
141,Carlos,,Chanteur/Chanteuse,1943-02-20,2008-01-17,,"Categorie deduite des connaissances generales (absente de la biographie du site) - a confirmer ; nationalite non detectee automatiquement"
142,Khorsand,Philippe,Acteur/Actrice,1948-02-17,2008-01-29,Français,
143,Niane,Katoucha,Animateur/Animatrice TV-Radio,1960-10-23,2008-02-01,Sénégalaise,
144,Salvador,Henri,Chanteur/Chanteuse,1917-07-18,2008-02-13,Français,
145,Cadinot,Jean-Daniel,Réalisateur/Réalisatrice,1944-02-10,2008-04-23,,"Categorie deduite des connaissances generales (absente de la biographie du site) - a confirmer ; nationalite non detectee automatiquement"
146,Fersen,Christine,Acteur/Actrice,1944-03-05,2008-05-26,,"Categorie deduite des connaissances generales (absente de la biographie du site) - a confirmer ; nationalite non detectee automatiquement"
147,Cossery,Albert,Écrivain/Écrivaine,1913-11-03,2008-06-22,,"Categorie deduite des connaissances generales (absente de la biographie du site) - a confirmer ; nationalite non detectee automatiquement"
148,Getty,Estelle,Acteur/Actrice,1923-07-25,2008-07-22,,"Categorie deduite des connaissances generales (absente de la biographie du site) - a confirmer ; nationalite non detectee automatiquement"
149,Frémy,Dominique,Journaliste,1931-05-05,2008-10-02,,"Categorie deduite des connaissances generales (absente de la biographie du site) - a confirmer ; nationalite non detectee automatiquement"
150,Emmanuelle,Soeur,Religieux,1908-11-16,2008-10-20,Belge,
151,Sumac,Yma,Chanteur/Chanteuse,1922-09-13,2008-11-01,,"Categorie deduite des connaissances generales (absente de la biographie du site) - a confirmer ; nationalite non detectee automatiquement"
152,Caradec,François,Écrivain/Écrivaine,1924-06-18,2008-11-13,Français,
153,Fechner,Christian,Chanteur/Chanteuse,1944-07-26,2008-11-26,Français,
154,Ackerman,Forrest James,Acteur/Actrice,1916-11-24,2008-12-04,,Nationalite non detectee automatiquement - a completer
155,Lauzier,Gérard,Dessinateur BD,1932-11-30,2008-12-06,,"Categorie deduite des connaissances generales (absente de la biographie du site) - a confirmer ; nationalite non detectee automatiquement"
156,Tappert,Horst,Acteur/Actrice,1923-05-26,2008-12-13,Allemande,
157,Savage,Ann,Acteur/Actrice,1921-02-19,2008-12-25,,"Categorie deduite des connaissances generales (absente de la biographie du site) - a confirmer ; nationalite non detectee automatiquement"
158,Lapidus,Ted,Acteur/Actrice,1929-06-23,2008-12-29,Français,
159,Cravenne,Georges,Producteur/Productrice,1914-01-24,2009-01-10,,"Categorie deduite des connaissances generales (absente de la biographie du site) - a confirmer ; nationalite non detectee automatiquement"
160,Berri,Claude,Réalisateur/Réalisatrice,1934-07-01,2009-01-12,,"Categorie deduite des connaissances generales (absente de la biographie du site) - a confirmer ; nationalite non detectee automatiquement"
161,Montalbán,Ricardo,Acteur/Actrice,1920-11-25,2009-01-14,,"Categorie deduite des connaissances generales (absente de la biographie du site) - a confirmer ; nationalite non detectee automatiquement"
162,Blanc,Gérard,Chanteur/Chanteuse,1947-12-08,2009-01-24,Français,
163,Barillé,Albert,Réalisateur/Réalisatrice,1920-02-14,2009-02-05,,"Categorie deduite des connaissances generales (absente de la biographie du site) - a confirmer ; nationalite non detectee automatiquement"
164,Vilers,Vania,Réalisateur/Réalisatrice,1938-06-12,2009-02-22,Français,
165,Castagnou,Pierre,Homme/Femme politique,1940-09-08,2009-02-24,,"Categorie deduite des connaissances generales (absente de la biographie du site) - a confirmer ; nationalite non detectee automatiquement"
166,François,Jacqueline,Chanteur/Chanteuse,1922-01-30,2009-03-07,,"Categorie deduite des connaissances generales (absente de la biographie du site) - a confirmer ; nationalite non detectee automatiquement"
167,Bourgeade,Pierre,Écrivain/Écrivaine,1927-11-07,2009-03-12,Français,
168,Bashung,Alain,Chanteur/Chanteuse,1947-12-01,2009-03-14,Français,
169,Bourges,Yvon,Homme/Femme politique,1921-06-29,2009-04-18,,"Categorie deduite des connaissances generales (absente de la biographie du site) - a confirmer ; nationalite non detectee automatiquement"
170,Leuvrais,Jean,Acteur/Actrice,1925-08-16,2009-04-22,,"Categorie deduite des connaissances generales (absente de la biographie du site) - a confirmer ; nationalite non detectee automatiquement"
171,Ravanel,Serge,Militaire,1920-05-12,2009-04-27,,"Categorie deduite des connaissances generales (absente de la biographie du site) - a confirmer ; nationalite non detectee automatiquement"
172,Planchon,Roger,Metteur en scene (theatre),1931-09-12,2009-05-12,,"Categorie deduite des connaissances generales (absente de la biographie du site) - a confirmer ; nationalite non detectee automatiquement"
173,Carradine,David,Acteur/Actrice,1936-12-08,2009-06-03,,"Categorie deduite des connaissances generales (absente de la biographie du site) - a confirmer ; nationalite non detectee automatiquement"
174,Jackson,Michael,Chanteur/Chanteuse,1958-08-29,2009-06-25,,"Categorie deduite des connaissances generales (absente de la biographie du site) - a confirmer ; nationalite non detectee automatiquement"
175,Belmadi,Yasmine,Acteur/Actrice,1976-01-26,2009-07-18,,"Categorie deduite des connaissances generales (absente de la biographie du site) - a confirmer ; nationalite non detectee automatiquement"
176,Falcon,André,Acteur/Actrice,1924-11-28,2009-07-22,,"Categorie deduite des connaissances generales (absente de la biographie du site) - a confirmer ; nationalite non detectee automatiquement"
177,Taittinger,Pierre-Christian,Homme/Femme politique,1926-02-05,2009-09-27,,"Categorie deduite des connaissances generales (absente de la biographie du site) - a confirmer ; nationalite non detectee automatiquement"
178,Doris,Pierre,Acteur/Actrice,1919-10-29,2009-10-27,Français,
179,Quivrin,Jocelyn,Réalisateur/Réalisatrice,1979-02-14,2009-11-15,Français,
180,Lebas,Renée,Chanteur/Chanteuse,1917-04-23,2009-12-18,Française,
181,Murphy,Brittany,Rappeur/Rappeuse,1977-11-10,2009-12-20,Américaine,
182,Rocher,Yves,Militaire,1930-04-07,2009-12-26,Français,
183,Solo,Mano,Chanteur/Chanteuse,1963-04-24,2010-01-10,Français,
184,Schérer,Maurice henri joseph,Réalisateur/Réalisatrice,1920-03-21,2010-01-11,,"Categorie deduite des connaissances generales (absente de la biographie du site) - a confirmer ; nationalite non detectee automatiquement"
185,Rohmer,Éric,Réalisateur/Réalisatrice,1920-03-21,2010-01-11,Français,
186,Bensaïd,Daniel,Sociologue/Philosophe,1946-03-25,2010-01-12,,"Categorie deduite des connaissances generales (absente de la biographie du site) - a confirmer ; nationalite non detectee automatiquement"
187,Pierre,Roger,Acteur/Actrice,1923-08-30,2010-01-23,Français,
188,Marseille,Jacques,Historien,1945-10-15,2010-03-04,,"Categorie deduite des connaissances generales (absente de la biographie du site) - a confirmer ; nationalite non detectee automatiquement"
189,Topaloff,Patrick,Chanteur/Chanteuse,1944-12-30,2010-03-07,Russe,
190,Duboc,Odile,Danseur/Danseuse,1941-07-23,2010-04-22,,"Categorie deduite des connaissances generales (absente de la biographie du site) - a confirmer ; nationalite non detectee automatiquement"
191,Dio,Ronnie James,Musicien/Musicienne,1942-07-10,2010-05-16,,"Categorie deduite des connaissances generales (absente de la biographie du site) - a confirmer ; nationalite non detectee automatiquement"
192,Sarcey,Martine,Acteur/Actrice,1928-09-28,2010-06-11,,"Categorie deduite des connaissances generales (absente de la biographie du site) - a confirmer ; nationalite non detectee automatiquement"
193,Terzieff,Laurent,Acteur/Actrice,1935-06-27,2010-07-02,,"Categorie deduite des connaissances generales (absente de la biographie du site) - a confirmer ; nationalite non detectee automatiquement"
194,Aubry,Cécile,Acteur/Actrice,1928-08-03,2010-07-19,,"Categorie deduite des connaissances generales (absente de la biographie du site) - a confirmer ; nationalite non detectee automatiquement"
195,Cremer,Bruno,Acteur/Actrice,1929-10-06,2010-08-07,,"Categorie deduite des connaissances generales (absente de la biographie du site) - a confirmer ; nationalite non detectee automatiquement"
196,Cauvin,Patrick,Écrivain/Écrivaine,1932-10-06,2010-08-13,,"Categorie deduite des connaissances generales (absente de la biographie du site) - a confirmer ; nationalite non detectee automatiquement"
197,Corneau,Alain,Réalisateur/Réalisatrice,1943-08-07,2010-08-29,,"Categorie deduite des connaissances generales (absente de la biographie du site) - a confirmer ; nationalite non detectee automatiquement"
198,Fignon,Laurent,Cycliste,1960-08-12,2010-08-31,Français,
199,Chabrol,Claude,Réalisateur/Réalisatrice,1930-06-24,2010-09-12,Française,
200,Burke,Solomon,Musicien/Musicienne,1940-03-21,2010-10-10,,"Categorie deduite des connaissances generales (absente de la biographie du site) - a confirmer ; nationalite non detectee automatiquement"
201,Berliner,Gérard,Chanteur/Chanteuse,1956-01-05,2010-10-13,,"Categorie deduite des connaissances generales (absente de la biographie du site) - a confirmer ; nationalite non detectee automatiquement"
202,Bosley,Tom,Musicien/Musicienne,1927-10-01,2010-10-19,Américain,
203,Musson,Bernard Claude,Acteur/Actrice,1925-02-22,2010-10-29,Français,
204,Caro,Isabelle,Chanteur/Chanteuse,1982-09-12,2010-11-17,Suisse,
205,Nielsen,Leslie William,Acteur/Actrice,1926-02-11,2010-11-28,Canadien,
206,Rollin,Jean,Réalisateur/Réalisatrice,1938-11-03,2010-12-15,Français,
207,Farrell,Bobby,Chanteur/Chanteuse,1949-10-06,2010-12-30,,Nationalite non detectee automatiquement - a completer
208,Raisner,Albert,Animateur/Animatrice TV-Radio,1922-09-30,2011-01-01,Français,
209,Dutourd,Jean Gwenael,Écrivain/Écrivaine,1920-01-14,2011-01-17,,"Categorie deduite des connaissances generales (absente de la biographie du site) - a confirmer ; nationalite non detectee automatiquement"
210,Valabrega,Jean-Paul,Autre,1922-06-21,2011-01-25,,"Categorie non detectee automatiquement dans la biographie - a verifier manuellement ; nationalite non detectee automatiquement"
211,Chedid,Andrée,Réalisateur/Réalisatrice,1920-03-20,2011-02-06,Française,
212,Girardot,Annie,Musicien/Musicienne,1931-10-25,2011-02-28,Française,
213,Fortin,Michel Didier,Autre,1947-07-09,2011-03-15,,"Categorie non detectee automatiquement dans la biographie - a verifier manuellement ; nationalite non detectee automatiquement"
214,Capello,Maître,Animateur/Animatrice TV-Radio,1922-12-19,2011-03-20,Français,
215,Pisier,Marie-France,Acteur/Actrice,1944-05-10,2011-04-24,,"Categorie deduite des connaissances generales (absente de la biographie du site) - a confirmer ; nationalite non detectee automatiquement"
216,Rhodes,Jane,Musicien/Musicienne,1929-03-13,2011-05-07,,"Categorie deduite des connaissances generales (absente de la biographie du site) - a confirmer ; nationalite non detectee automatiquement"
217,Pagès,Évelyne,Acteur/Actrice,1942-02-25,2011-06-13,,"Categorie deduite des connaissances generales (absente de la biographie du site) - a confirmer ; nationalite non detectee automatiquement"
218,Falk,Peter,Acteur/Actrice,1927-09-16,2011-06-23,,"Categorie deduite des connaissances generales (absente de la biographie du site) - a confirmer ; nationalite non detectee automatiquement"
219,Petit,Roland,Danseur/Danseuse,1924-01-13,2011-07-10,,"Categorie deduite des connaissances generales (absente de la biographie du site) - a confirmer ; nationalite non detectee automatiquement"
220,Leprest,Allain,Chanteur/Chanteuse,1954-06-03,2011-08-15,,"Categorie deduite des connaissances generales (absente de la biographie du site) - a confirmer ; nationalite non detectee automatiquement"
221,Wheldon,Dan,Pilote (auto/moto),1978-06-22,2011-10-16,,Nationalite non detectee automatiquement - a completer
222,Amadou,Jean,Acteur/Actrice,1292-10-01,2011-10-23,Française,
223,Inchauspé,Michel,Homme/Femme politique,1925-11-05,2011-10-26,Français,
224,Lamoureux,Robert,Réalisateur/Réalisatrice,1920-01-04,2011-10-29,,Nationalite non detectee automatiquement - a completer
225,Bessières,Louis,Musicien/Musicienne,1913-08-23,2011-11-22,,Nationalite non detectee automatiquement - a completer
226,Debary,Jacques,Acteur/Actrice,1914-11-25,2011-12-09,Française,
227,Évora,Cesária,Chanteur/Chanteuse,1941-08-27,2011-12-17,Portugais,
228,Jacquemin,,Journaliste,1913-10-24,2011-12-31,Française,
229,Varte,Rosy,Réalisateur/Réalisatrice,1923-11-22,2012-01-14,,Nationalite non detectee automatiquement - a completer
230,Parély,Mila,Acteur/Actrice,1917-10-07,2012-01-14,,"Categorie deduite des connaissances generales (absente de la biographie du site) - a confirmer ; nationalite non detectee automatiquement"
231,Arditi,Georges,Acteur/Actrice,1914-12-14,2012-01-15,Français,
232,Blachas,Christian,Journaliste,1946-06-16,2012-02-05,,Nationalite non detectee automatiquement - a completer
233,Houston,Whitney,Chanteur/Chanteuse,1963-08-09,2012-02-11,Américain,
234,Desmarets,Sophie,Cycliste,1922-04-07,2012-02-13,Française,
235,Duby,Jacques,Acteur/Actrice,1922-05-07,2012-02-15,,Nationalite non detectee automatiquement - a completer
236,Tornade,Pierre,Acteur/Actrice,1930-01-21,2012-03-07,Français,
237,Marceau,Félicien,Écrivain/Écrivaine,1913-09-16,2012-03-07,,"Categorie deduite des connaissances generales (absente de la biographie du site) - a confirmer ; nationalite non detectee automatiquement"
238,Giraud,Jean Henri Gaston,Dessinateur BD,1938-05-08,2012-03-10,Français,Categorie deduite des connaissances generales (absente de la biographie du site) - a confirmer
239,Duchaussoy,Michel,Réalisateur/Réalisatrice,1938-11-29,2012-03-13,Française,
240,Schoendoerffer,Pierre,Réalisateur/Réalisatrice,1928-05-05,2012-03-14,,"Categorie deduite des connaissances generales (absente de la biographie du site) - a confirmer ; nationalite non detectee automatiquement"
241,Moreno,Roland,Inventeur/Ingenieur,1945-06-11,2012-04-29,,"Categorie deduite des connaissances generales (absente de la biographie du site) - a confirmer ; nationalite non detectee automatiquement"
242,Charden,Eric,Chanteur/Chanteuse,1942-10-15,2012-04-29,Français,
243,macias,Carlos Fuentes,Écrivain/Écrivaine,1928-11-11,2012-05-15,,"Categorie deduite des connaissances generales (absente de la biographie du site) - a confirmer ; nationalite non detectee automatiquement"
244,Summer,Donna,Chanteur/Chanteuse,1948-12-31,2012-05-17,,"Categorie deduite des connaissances generales (absente de la biographie du site) - a confirmer ; nationalite non detectee automatiquement"
245,Bradbury,Ray,Écrivain/Écrivaine,1920-08-22,2012-06-05,,"Categorie deduite des connaissances generales (absente de la biographie du site) - a confirmer ; nationalite non detectee automatiquement"
246,Mathieu,George Victor,Peintre/Sculpteur,1921-01-27,2012-06-10,,"Categorie deduite des connaissances generales (absente de la biographie du site) - a confirmer ; nationalite non detectee automatiquement"
247,Bianciotti,Hector,Écrivain/Écrivaine,1930-03-18,2012-06-12,,"Categorie deduite des connaissances generales (absente de la biographie du site) - a confirmer ; nationalite non detectee automatiquement"
248,Roland,Thierry José,Athlète,1937-08-04,2012-06-16,Française,
249,Sabatier,Robert,Écrivain/Écrivaine,1923-08-17,2012-06-28,,"Categorie deduite des connaissances generales (absente de la biographie du site) - a confirmer ; nationalite non detectee automatiquement"
250,Ferrand,Olivier,Homme/Femme politique,1969-11-08,2012-06-30,,"Categorie deduite des connaissances generales (absente de la biographie du site) - a confirmer ; nationalite non detectee automatiquement"
251,Chevit,Maurice,Acteur/Actrice,1923-10-31,2012-07-02,,"Categorie deduite des connaissances generales (absente de la biographie du site) - a confirmer ; nationalite non detectee automatiquement"
252,Chelton,Tsilla,Acteur/Actrice,1919-07-21,2012-07-15,,"Categorie deduite des connaissances generales (absente de la biographie du site) - a confirmer ; nationalite non detectee automatiquement"
253,Delarue,Jean-Luc,Animateur/Animatrice TV-Radio,1964-06-24,2012-08-23,Français,
254,Duncan,Michael Clarke,Acteur/Actrice,1957-12-10,2012-09-03,,"Categorie deduite des connaissances generales (absente de la biographie du site) - a confirmer ; nationalite non detectee automatiquement"
255,Mondy,Pierre,Réalisateur/Réalisatrice,1925-02-10,2012-09-15,Français,
256,Pinoteau,Claude,Réalisateur/Réalisatrice,1925-05-25,2012-10-05,,"Categorie deduite des connaissances generales (absente de la biographie du site) - a confirmer ; nationalite non detectee automatiquement"
257,Alamo,Frank,Animateur/Animatrice TV-Radio,1941-10-12,2012-10-11,Français,
258,Kristel,Sylvia,Réalisateur/Réalisatrice,1952-09-28,2012-10-17,Néerlandaise,
259,Pavon,Pépito,Footballeur/Footballeuse,1941-02-12,2012-10-17,Espagnol,
260,Fransined,,Chanteur/Chanteuse,1914-10-21,2012-10-17,,"Categorie deduite des connaissances generales (absente de la biographie du site) - a confirmer ; nationalite non detectee automatiquement"
261,PAYEN,Roger,Autre,1913-01-13,2012-11-12,Français,Categorie non detectee automatiquement dans la biographie - a verifier manuellement
262,Blèze,Jean-Louis,Chanteur/Chanteuse,1927-08-01,2012-12-24,Français,
263,Topart,Jean pierre camille henri,Acteur/Actrice,1922-04-13,2012-12-29,,"Categorie deduite des connaissances generales (absente de la biographie du site) - a confirmer ; nationalite non detectee automatiquement"
264,Lefrèvre-Pontalis,Jean-Bertrand,Écrivain/Écrivaine,1924-01-15,2013-01-15,Français,
265,Scoff,Alain,Humoriste,1940-12-01,2013-01-20,,"Categorie deduite des connaissances generales (absente de la biographie du site) - a confirmer ; nationalite non detectee automatiquement"
266,Alain,Marie-Claire,Musicien/Musicienne,1926-08-10,2013-02-26,Française,
267,Stéphane,Hessel,Écrivain/Écrivaine,1917-10-20,2013-02-27,,"Categorie deduite des connaissances generales (absente de la biographie du site) - a confirmer ; nationalite non detectee automatiquement"
268,Darc,Daniel,Chanteur/Chanteuse,1959-05-20,2013-02-28,Français,
269,Savary,Jérôme,Musicien/Musicienne,1942-06-27,2013-03-04,Argentine,
270,Bonnet,Franck-Olivier,Autre,1946-06-21,2013-03-25,,"Categorie non detectee automatiquement dans la biographie - a verifier manuellement ; nationalite non detectee automatiquement"
271,Fred,,Dessinateur BD,1931-03-05,2013-04-02,,"Categorie deduite des connaissances generales (absente de la biographie du site) - a confirmer ; nationalite non detectee automatiquement"
272,Wou-Ki,Zao,Peintre/Sculpteur,1921-02-13,2013-04-09,,"Categorie deduite des connaissances generales (absente de la biographie du site) - a confirmer ; nationalite non detectee automatiquement"
273,Moustaki,Georges,Chanteur/Chanteuse,1934-05-03,2013-05-23,,"Categorie deduite des connaissances generales (absente de la biographie du site) - a confirmer ; nationalite non detectee automatiquement"
274,Lewis,Jerry,Chanteur/Chanteuse,1926-03-16,2017-08-20,Américain,
275,Hallyday,Johnny,Chanteur/Chanteuse,1943-06-15,2017-12-05,Français,
276,Gall,France,Rugbyman/Rugbywoman,1947-10-09,2018-01-07,Française,
277,Bocuse,Paul,Homme/Femme politique,1926-02-11,2018-01-20,Française,
278,Laurens,Rose,Chanteur/Chanteuse,1951-03-04,2018-04-29,Française,
279,Maurane,,Chanteur/Chanteuse,1960-11-12,2018-05-07,Belge,
280,Bellemare,Pierre,Chanteur/Chanteuse,1929-10-21,2018-05-26,Français,
281,Horner,Yvette,Footballeur/Footballeuse,1922-09-22,2018-06-11,Française,
282,Corbier,François,Chanteur/Chanteuse,1944-10-17,2018-07-01,,Nationalite non detectee automatiquement - a completer
283,Aznavour,Charles,Chanteur/Chanteuse,1924-05-22,2018-10-01,Français,
284,Gildas,Philippe,Sportif/Sportive (autre),1935-11-12,2018-10-28,Grec,
285,Pacôme,Maria,Acteur/Actrice,1923-07-18,2018-12-01,Française,
286,Anémone,,Acteur/Actrice,1950-08-09,2019-04-30,Française,
287,Clegg,Johnny,Musicien/Musicienne,1953-06-07,2019-07-16,Polonais,
288,Carletti,Ariane,Chanteur/Chanteuse,1957-11-04,2019-09-03,Française,
289,Poulidor,Raymond,Cycliste,1936-04-15,2019-11-19,Français,
290,Bryant,Kobe,Basketteur/Basketteuse,1978-08-23,2020-01-26,Américain,
291,Lepaul,Fabrice,Footballeur/Footballeuse,1976-11-17,2020-05-23,Français,
292,Bedos,Guy,Humoriste,1934-06-15,2020-05-28,Français,
293,Cordy,Annie,Cycliste,1928-06-16,2020-09-04,Belge,
294,Connery,Sean,Nageur/Nageuse,1930-08-25,2020-10-31,Irlandaise,
295,Carel,Roger,Acteur/Actrice,1927-08-14,2020-11-11,Français,
296,Dominici,Christophe,Rugbyman/Rugbywoman,1972-05-20,2020-11-24,Français,
297,Cellier,Caroline,Acteur/Actrice,1945-08-07,2020-12-15,Française,
298,Brasseur,Claude,Réalisateur/Réalisatrice,1936-06-15,2020-12-22,Américain,
299,Diamond,Dustin,Rappeur/Rappeuse,1977-01-07,2021-02-01,Américain,
300,Dupond,Patrick,Danseur/Danseuse,1959-03-14,2021-03-05,Français,
301,Filipelli,Gérard,Chanteur/Chanteuse,1942-12-12,2021-03-30,Français,
302,Juvet,Patrick,Chanteur/Chanteuse,1950-08-21,2021-04-01,Suisse,
303,Rénier,Yves,Chanteur/Chanteuse,1942-09-29,2021-04-24,Suisse,
